username,email,password
user1,1@gmail.com,user1
user2,1@gmail.com,user2
user3,1@gmail.com,user3
user4,1@gmail.com,user4
user5,1@gmail.com,user5
user6,1@gmail.com,user6
user7,1@gmail.com,user7
user8,1@gmail.com,user8
user9,1@gmail.com,user9
user10,1@gmail.com,user10
user11,1@gmail.com,user11
user12,1@gmail.com,user12
user13,1@gmail.com,user13
user14,1@gmail.com,user14
user15,1@gmail.com,user15
user16,1@gmail.com,user16
user17,1@gmail.com,user17
user18,1@gmail.com,user18
user19,1@gmail.com,user19
user20,1@gmail.com,user20
user21,1@gmail.com,user21
user22,1@gmail.com,user22
user23,1@gmail.com,user23
user24,1@gmail.com,user24
user25,1@gmail.com,user25
user26,1@gmail.com,user26
user27,1@gmail.com,user27
user28,1@gmail.com,user28
user29,1@gmail.com,user29
user30,1@gmail.com,user30
